{
  "suite": "single-translation",
  "n": 12000,
  "p": 784,
  "d": 32,
  "lambda": 1.0,
  "timings_seconds": {
    "pair_family_build": 0.21946720010600984,
    "pair_sampling_build": 0.5264870000537485,
    "pca_moments": 0.1112166999373585,
    "pair_moments": 0.8537775999866426,
    "dnn_pair_moments": 0.89109419984743,
    "pca_solver": 0.058450100012123585,
    "whitened_pca_solver": 0.06409320002421737,
    "hard_whitened_solver": 0.1641249000094831,
    "auto_fisher_solver": 0.07990860007703304,
    "one_parameter_dnn_solver": 0.22199820005334914
  },
  "breakdown_seconds": {
    "pca": {
      "covariance": 0.11047910014167428,
      "eigendecomposition": 0.056522800121456385,
      "projection_extract": 6.998889148235321e-07,
      "total_measured": 0.1670026001520455
    },
    "whitened_pca": {
      "covariance": 0.1106294000055641,
      "eigendecomposition": 0.053947600070387125,
      "whitening_rescale": 2.0799925550818443e-05,
      "total_measured": 0.16459780000150204
    },
    "hard_whitened_invariance": {
      "pair_statistics": 0.8778063000645489,
      "sigma_bar_eigendecomposition": 0.05579069978557527,
      "sigma_bar_inverse_sqrt": 0.01621629996225238,
      "form_n_matrix": 0.031233999878168106,
      "n_eigendecomposition": 0.06132499990053475,
      "total_measured": 1.0423722995910794
    },
    "auto_fisher": {
      "pair_statistics": 0.8983786997850984,
      "denominator_build": 0.0029559999238699675,
      "generalized_eigendecomposition": 0.07687769993208349,
      "total_measured": 0.9782123996410519,
      "floor": 0.1426322997680967
    },
    "one_parameter_whitened_dnn_layer": {
      "pair_statistics": 0.8555980001110584,
      "sigma_bar_eigendecomposition": 0.05657789995893836,
      "sigma_bar_sqrt_and_inverse_sqrt": 0.03181689977645874,
      "form_m_matrix": 0.031104600057005882,
      "m_eigendecomposition": 0.056900700088590384,
      "reconstruct_transform": 0.04592419997788966,
      "total_measured": 1.0779222999699414
    }
  },
  "methods": {
    "pca": {
      "solver": "symmetric eigendecomposition",
      "objective_type": "top-eigenspace of covariance",
      "convergence": "global optimum; numerical stability governed by the top-d eigengap",
      "eigengap": 0.02871479773211133,
      "condition_number": 51057.53415365671,
      "time_complexity": "O(n p^2 + p^3)",
      "complexity_note": "one covariance build and one dense symmetric eigendecomposition"
    },
    "whitened_pca": {
      "solver": "symmetric eigendecomposition plus eigenvalue rescaling",
      "objective_type": "top-eigenspace of covariance with whitening on the selected modes",
      "convergence": "same eigenproblem as PCA; whitening adds conditioning sensitivity on small selected eigenvalues",
      "eigengap": 0.02871479773211133,
      "condition_number": 51057.53415365671,
      "time_complexity": "O(n p^2 + p^3)",
      "complexity_note": "same eigensolve as PCA plus diagonal rescaling on the selected modes"
    },
    "hard_whitened_invariance": {
      "solver": "whitening eigendecomposition plus bottom-eigenspace of the normalized disagreement matrix",
      "objective_type": "hard-whitened invariance",
      "convergence": "global optimum of the spectral surrogate, but sensitive to sigma_bar conditioning and degenerate when delta approaches zero",
      "eigengap": 4.606918009347546e-17,
      "condition_number": 34689.851180021404,
      "time_complexity": "O(K n p^2 + p^3)",
      "complexity_note": "pair statistics plus one whitening eigendecomposition and one eigensolve of the normalized disagreement matrix"
    },
    "auto_fisher": {
      "solver": "generalized symmetric eigendecomposition",
      "objective_type": "total-vs-within-orbit generalized Rayleigh quotient",
      "convergence": "global optimum once the denominator is regularized; numerical sensitivity set by the generalized eigengap and denominator conditioning",
      "eigengap": 0.03753406722810548,
      "condition_number": 84.57652332772703,
      "time_complexity": "O(K n p^2 + p^3)",
      "floor": 0.1426322997680967,
      "complexity_note": "pair statistics plus one dense generalized symmetric eigendecomposition"
    },
    "closed_form_barlow_twins": {
      "solver": "whitening eigendecomposition and full-space spectral filter",
      "objective_type": "closed-form Barlow Twins surrogate tr(G^T M G) + lambda ||G-I||_F^2",
      "convergence": "unique global minimizer for any lambda > 0; no iterative optimization, only dense linear algebra",
      "condition_number": 4.076952439894843,
      "gain_min": 0.24528125229388564,
      "gain_max": 1.0,
      "time_complexity": "O(n p^2 + p^3)",
      "complexity_note": "same asymptotic order as PCA, but with two eigendecompositions and several dense matrix multiplications, so the cubic constant is much larger",
      "whitened_delta_min": -1.8919142588003552e-14,
      "whitened_delta_max": 3.076952439894763,
      "lambda": 1.0
    }
  },
  "notes": [
    "Timing separates moment construction from the analytic solve itself.",
    "The closed-form Barlow Twins layer is compared at a single layer; a depth-L network scales roughly linearly in L.",
    "All methods are exact dense linear-algebra solvers; there is no iterative training loop in this benchmark.",
    "The asymptotic order of the one-parameter layer now matches PCA and auto-Fisher up to constants; the remaining gap is a large dense-linear-algebra constant factor."
  ]
}