{
  "dataset": "mnist",
  "width": 512,
  "depth": 3,
  "sweeps": 3,
  "activation": "relu",
  "reg_fwd": 100.0,
  "head_reg": 0.01,
  "step_size": 1.0,
  "n_train": 12000,
  "n_test": 3000,
  "classifier_accuracy": 0.858,
  "probe_accuracy": 0.8763333333333333,
  "num_params": 930816,
  "sweep_stats": [
    {
      "sweep": 1,
      "classifier_accuracy": 0.819,
      "probe_accuracy": 0.8106666666666666,
      "train_logit_loss": 0.21949788764074318,
      "mean_delta_norm": 16.312293288352567,
      "max_delta_norm": 16.378151637753152,
      "mean_weight_norm": 31.263138393407036
    },
    {
      "sweep": 2,
      "classifier_accuracy": 0.825,
      "probe_accuracy": 0.825,
      "train_logit_loss": 0.2116096614841271,
      "mean_delta_norm": 20.009338992410054,
      "max_delta_norm": 22.17136202053137,
      "mean_weight_norm": 24.960014659474243
    },
    {
      "sweep": 3,
      "classifier_accuracy": 0.8376666666666667,
      "probe_accuracy": 0.8466666666666667,
      "train_logit_loss": 0.2013643179422842,
      "mean_delta_norm": 19.37166951754285,
      "max_delta_norm": 21.439672134920805,
      "mean_weight_norm": 21.768910097927588
    }
  ],
  "note": "Closed-form DFA-style surrogate. Output error is projected to each hidden layer through fixed random feedback matrices, and each forward layer is refit by ridge regression to a one-step preactivation target A_l + eta * delta_l. This is a closed-form local least-squares analogue of DFA, not exact standard DFA."
}